{"sunHours":[[1768690800000,0],[1768777200000,0],[1768863600000,0],[1768950000000,0],[1769036400000,0],[1769122800000,0],[1769209200000,0],[1769295600000,0],[1769382000000,0],[1769468400000,0],[1769554800000,0],[1769641200000,0],[1769727600000,0],[1769814000000,0],[1769900400000,0],[1769986800000,0],[1770073200000,0],[1770159600000,0],[1770246000000,0],[1770332400000,0],[1770418800000,0],[1770505200000,0],[1770591600000,0],[1770678000000,0],[1770764400000,0],[1770850800000,0],[1770937200000,0],[1771023600000,0],[1771110000000,0],[1771196400000,0],[1771282800000,0],[1771369200000,0],[1771455600000,0],[1771542000000,0],[1771628400000,0],[1771714800000,0],[1771801200000,0],[1771887600000,0],[1771974000000,0],[1772060400000,0],[1772146800000,0],[1772233200000,0],[1772319600000,0],[1772406000000,0],[1772492400000,0],[1772578800000,0],[1772665200000,0],[1772751600000,0],[1772838000000,0],[1772924400000,0.1],[1773010800000,0],[1773097200000,0],[1773183600000,0],[1773270000000,0],[1773356400000,0],[1773442800000,0],[1773529200000,0.1],[1773615600000,0],[1773702000000,0],[1773788400000,0],[1773874800000,0],[1773961200000,0],[1774047600000,0],[1774134000000,0.1],[1774220400000,0.3],[1774306800000,0.5],[1774393200000,0.4],[1774479600000,0.1],[1774566000000,0.3],[1774652400000,0.3],[1774738800000,0.7],[1774821600000,0.8],[1774908000000,2.0166666666666644],[1774994400000,1.8499999999999983],[1775080800000,1.2166666666666672],[1775167200000,1.2333333333333338],[1775253600000,3.1666666666666603],[1775340000000,4.39999999999999],[1775426400000,4.949999999999988],[1775512800000,5.733333333333318],[1775599200000,4.8333333333333215],[1775685600000,4.633333333333322],[1775772000000,5.416666666666653],[1775858400000,1.866666666666665],[1775944800000,0.13333333333333333]],"solarRad":[[1768690800000,164],[1768777200000,286],[1768863600000,96],[1768950000000,451],[1769036400000,416],[1769122800000,524],[1769209200000,139],[1769295600000,407],[1769382000000,402],[1769468400000,295],[1769554800000,311],[1769641200000,444],[1769727600000,402],[1769814000000,410],[1769900400000,511],[1769986800000,238],[1770073200000,433],[1770159600000,562],[1770246000000,339],[1770332400000,460],[1770418800000,470],[1770505200000,567],[1770591600000,518],[1770678000000,587],[1770764400000,501],[1770850800000,484],[1770937200000,143],[1771023600000,553],[1771110000000,554],[1771196400000,493],[1771282800000,579],[1771369200000,594],[1771455600000,576],[1771542000000,630],[1771628400000,537],[1771714800000,542],[1771801200000,452],[1771887600000,495],[1771974000000,644],[1772060400000,555],[1772146800000,653],[1772233200000,591],[1772319600000,627],[1772406000000,733],[1772492400000,532],[1772578800000,499],[1772665200000,197],[1772751600000,350],[1772838000000,602],[1772924400000,1008],[1773010800000,672],[1773097200000,579],[1773183600000,586],[1773270000000,553],[1773356400000,640],[1773442800000,432],[1773529200000,752],[1773615600000,652],[1773702000000,636],[1773788400000,653],[1773874800000,796],[1773961200000,640],[1774047600000,637],[1774134000000,814],[1774220400000,697],[1774306800000,646],[1774393200000,660],[1774479600000,689],[1774566000000,672],[1774652400000,748],[1774738800000,763],[1774821600000,760],[1774908000000,716],[1774994400000,717],[1775080800000,677],[1775167200000,699],[1775253600000,785],[1775340000000,797],[1775426400000,807],[1775512800000,806],[1775599200000,794],[1775685600000,836],[1775772000000,791],[1775858400000,764],[1775944800000,331]],"uvi":[[1768690800000,1.0],[1768777200000,2.0],[1768863600000,0.0],[1768950000000,4.0],[1769036400000,4.0],[1769122800000,5.0],[1769209200000,1.0],[1769295600000,3.0],[1769382000000,3.0],[1769468400000,2.0],[1769554800000,3.0],[1769641200000,4.0],[1769727600000,3.0],[1769814000000,3.0],[1769900400000,4.0],[1769986800000,2.0],[1770073200000,4.0],[1770159600000,5.0],[1770246000000,3.0],[1770332400000,4.0],[1770418800000,4.0],[1770505200000,5.0],[1770591600000,5.0],[1770678000000,5.0],[1770764400000,4.0],[1770850800000,4.0],[1770937200000,1.0],[1771023600000,5.0],[1771110000000,5.0],[1771196400000,4.0],[1771282800000,5.0],[1771369200000,5.0],[1771455600000,5.0],[1771542000000,6.0],[1771628400000,5.0],[1771714800000,5.0],[1771801200000,4.0],[1771887600000,4.0],[1771974000000,6.0],[1772060400000,5.0],[1772146800000,6.0],[1772233200000,5.0],[1772319600000,6.0],[1772406000000,7.0],[1772492400000,5.0],[1772578800000,4.0],[1772665200000,1.0],[1772751600000,3.0],[1772838000000,5.0],[1772924400000,9.0],[1773010800000,6.0],[1773097200000,5.0],[1773183600000,5.0],[1773270000000,5.0],[1773356400000,6.0],[1773442800000,4.0],[1773529200000,7.0],[1773615600000,6.0],[1773702000000,6.0],[1773788400000,6.0],[1773874800000,7.0],[1773961200000,6.0],[1774047600000,6.0],[1774134000000,7.0],[1774220400000,6.0],[1774306800000,6.0],[1774393200000,6.0],[1774479600000,6.0],[1774566000000,6.0],[1774652400000,7.0],[1774738800000,7.0],[1774821600000,7.0],[1774908000000,6.0],[1774994400000,6.0],[1775080800000,6.0],[1775167200000,6.0],[1775253600000,7.0],[1775340000000,7.0],[1775426400000,7.0],[1775512800000,7.0],[1775599200000,7.0],[1775685600000,8.0],[1775772000000,7.0],[1775858400000,7.0],[1775944800000,3.0]]}